{"count":1,"self":1076.6251008,"total":1108.1560376999998,"children":{"InitializeActuators":{"count":16,"self":0.0025088999999999997,"total":0.0025088999999999997,"children":null},"InitializeSensors":{"count":16,"self":0,"total":0,"children":null},"AgentInfo.ToProto":{"count":2218,"self":0.0145224,"total":0.0399186,"children":{"GenerateSensorData":{"count":2218,"self":0.025396199999999997,"total":0.025396199999999997,"children":null}}},"AgentSendState":{"count":2218,"self":0.015106099999999999,"total":0.094737099999999991,"children":{"CollectObservations":{"count":8878,"self":0.021203899999999998,"total":0.021203899999999998,"children":null},"WriteActionMask":{"count":8878,"self":0.0055401,"total":0.0055401,"children":null},"RequestDecision":{"count":8878,"self":0.0156746,"total":0.052886999999999997,"children":{"AgentInfo.ToProto":{"count":8878,"self":0.0030168,"total":0.0372124,"children":{"GenerateSensorData":{"count":8878,"self":0.0341956,"total":0.0341956,"children":null}}}}}}},"DecideAction":{"count":2218,"self":31.3817344,"total":31.3817335,"children":null},"AgentAct":{"count":2218,"self":0.0120217,"total":0.0120217,"children":null}},"gauges":{"FourWaySignal.CumulativeReward":{"count":2218,"max":115.384613,"min":38.46154,"runningAverage":72.0425339,"value":66.6666641,"weightedAverage":75.39635}},"metadata":{"timer_format_version":"0.1.0","start_time_seconds":"1715996123","unity_version":"2023.2.11f1","command_line_arguments":"C:\\Program Files\\Unity\\Hub\\Editor\\2023.2.11f1\\Editor\\Unity.exe -projectpath C:\\Users\\zenith\\Documents\\UnityProjects\\TrafficSimulator -useHub -hubIPC -cloudEnvironment production","communication_protocol_version":"1.5.0","com.unity.ml-agents_version":"3.0.0-exp.1","scene_name":"Main","end_time_seconds":"1715997231"}}